{
  "Version": 1,
  "WorkspaceRootPath": "C:\\Users\\olson\\OneDrive\\CS131\\FoodTruck\\",
  "Documents": [
    {
      "AbsoluteMoniker": "D:0:0:{4B98AE97-2B79-4880-AD19-D6B503BBBC5E}|FoodTruck\\FoodTruck.csproj|c:\\users\\olson\\onedrive\\cs131\\foodtruck\\foodtruck\\views\\admin\\index.cshtml||{40D31677-CBC0-4297-A9EF-89D907823A98}",
      "RelativeMoniker": "D:0:0:{4B98AE97-2B79-4880-AD19-D6B503BBBC5E}|FoodTruck\\FoodTruck.csproj|solutionrelative:foodtruck\\views\\admin\\index.cshtml||{40D31677-CBC0-4297-A9EF-89D907823A98}"
    },
    {
      "AbsoluteMoniker": "D:0:0:{4B98AE97-2B79-4880-AD19-D6B503BBBC5E}|FoodTruck\\FoodTruck.csproj|c:\\users\\olson\\onedrive\\cs131\\foodtruck\\foodtruck\\controllers\\menucontroller.cs||{A6C744A8-0E4A-4FC6-886A-064283054674}",
      "RelativeMoniker": "D:0:0:{4B98AE97-2B79-4880-AD19-D6B503BBBC5E}|FoodTruck\\FoodTruck.csproj|solutionrelative:foodtruck\\controllers\\menucontroller.cs||{A6C744A8-0E4A-4FC6-886A-064283054674}"
    },
    {
      "AbsoluteMoniker": "D:0:0:{4B98AE97-2B79-4880-AD19-D6B503BBBC5E}|FoodTruck\\FoodTruck.csproj|c:\\users\\olson\\onedrive\\cs131\\foodtruck\\foodtruck\\views\\menu\\index.cshtml||{40D31677-CBC0-4297-A9EF-89D907823A98}",
      "RelativeMoniker": "D:0:0:{4B98AE97-2B79-4880-AD19-D6B503BBBC5E}|FoodTruck\\FoodTruck.csproj|solutionrelative:foodtruck\\views\\menu\\index.cshtml||{40D31677-CBC0-4297-A9EF-89D907823A98}"
    },
    {
      "AbsoluteMoniker": "D:0:0:{4B98AE97-2B79-4880-AD19-D6B503BBBC5E}|FoodTruck\\FoodTruck.csproj|c:\\users\\olson\\onedrive\\cs131\\foodtruck\\foodtruck\\controllers\\admincontroller.cs||{A6C744A8-0E4A-4FC6-886A-064283054674}",
      "RelativeMoniker": "D:0:0:{4B98AE97-2B79-4880-AD19-D6B503BBBC5E}|FoodTruck\\FoodTruck.csproj|solutionrelative:foodtruck\\controllers\\admincontroller.cs||{A6C744A8-0E4A-4FC6-886A-064283054674}"
    }
  ],
  "DocumentGroupContainers": [
    {
      "Orientation": 0,
      "VerticalTabListWidth": 256,
      "DocumentGroups": [
        {
          "DockedWidth": 200,
          "SelectedChildIndex": 2,
          "Children": [
            {
              "$type": "Bookmark",
              "Name": "ST:0:0:{34e76e81-ee4a-11d0-ae2e-00a0c90fffc3}"
            },
            {
              "$type": "Document",
              "DocumentIndex": 2,
              "Title": "Index.cshtml",
              "DocumentMoniker": "C:\\Users\\olson\\OneDrive\\CS131\\FoodTruck\\FoodTruck\\Views\\Menu\\Index.cshtml",
              "RelativeDocumentMoniker": "FoodTruck\\Views\\Menu\\Index.cshtml",
              "ToolTip": "C:\\Users\\olson\\OneDrive\\CS131\\FoodTruck\\FoodTruck\\Views\\Menu\\Index.cshtml",
              "RelativeToolTip": "FoodTruck\\Views\\Menu\\Index.cshtml",
              "ViewState": "AgIAAAAAAAAAAAAAAAAAAAAAAAAAAAAAAAAAAA==",
              "Icon": "ae27a6b0-e345-4288-96df-5eaf394ee369.000759|",
              "WhenOpened": "2026-01-08T18:43:43.393Z",
              "EditorCaption": ""
            },
            {
              "$type": "Document",
              "DocumentIndex": 0,
              "Title": "Index.cshtml",
              "DocumentMoniker": "C:\\Users\\olson\\OneDrive\\CS131\\FoodTruck\\FoodTruck\\Views\\Admin\\Index.cshtml",
              "RelativeDocumentMoniker": "FoodTruck\\Views\\Admin\\Index.cshtml",
              "ToolTip": "C:\\Users\\olson\\OneDrive\\CS131\\FoodTruck\\FoodTruck\\Views\\Admin\\Index.cshtml",
              "RelativeToolTip": "FoodTruck\\Views\\Admin\\Index.cshtml",
              "ViewState": "AgIAAAAAAAAAAAAAAAAAAAQAAAAqAAAAAAAAAA==",
              "Icon": "ae27a6b0-e345-4288-96df-5eaf394ee369.000759|",
              "WhenOpened": "2026-01-08T18:43:10.632Z",
              "EditorCaption": ""
            },
            {
              "$type": "Document",
              "DocumentIndex": 3,
              "Title": "AdminController.cs",
              "DocumentMoniker": "C:\\Users\\olson\\OneDrive\\CS131\\FoodTruck\\FoodTruck\\Controllers\\AdminController.cs",
              "RelativeDocumentMoniker": "FoodTruck\\Controllers\\AdminController.cs",
              "ToolTip": "C:\\Users\\olson\\OneDrive\\CS131\\FoodTruck\\FoodTruck\\Controllers\\AdminController.cs",
              "RelativeToolTip": "FoodTruck\\Controllers\\AdminController.cs",
              "ViewState": "AgIAAAAAAAAAAAAAAAAAAAwAAAAAAAAAAAAAAA==",
              "Icon": "ae27a6b0-e345-4288-96df-5eaf394ee369.000738|",
              "WhenOpened": "2026-01-08T18:38:05.846Z",
              "EditorCaption": ""
            },
            {
              "$type": "Document",
              "DocumentIndex": 1,
              "Title": "MenuController.cs",
              "DocumentMoniker": "C:\\Users\\olson\\OneDrive\\CS131\\FoodTruck\\FoodTruck\\Controllers\\MenuController.cs",
              "RelativeDocumentMoniker": "FoodTruck\\Controllers\\MenuController.cs",
              "ToolTip": "C:\\Users\\olson\\OneDrive\\CS131\\FoodTruck\\FoodTruck\\Controllers\\MenuController.cs",
              "RelativeToolTip": "FoodTruck\\Controllers\\MenuController.cs",
              "ViewState": "AgIAAAAAAAAAAAAAAAAAAAAAAAAAAAAAAAAAAA==",
              "Icon": "ae27a6b0-e345-4288-96df-5eaf394ee369.000738|",
              "WhenOpened": "2026-01-08T18:37:10.128Z",
              "EditorCaption": ""
            }
          ]
        },
        {
          "DockedWidth": 116,
          "SelectedChildIndex": -1,
          "Children": [
            {
              "$type": "Bookmark",
              "Name": "ST:0:0:{e1b7d1f8-9b3c-49b1-8f4f-bfc63a88835d}"
            },
            {
              "$type": "Bookmark",
              "Name": "ST:0:0:{0ad07096-bba9-4900-a651-0598d26f6d24}"
            },
            {
              "$type": "Bookmark",
              "Name": "ST:2:0:{d212f56b-c48a-434c-a121-1c5d80b59b9f}"
            },
            {
              "$type": "Bookmark",
              "Name": "ST:1:0:{d212f56b-c48a-434c-a121-1c5d80b59b9f}"
            }
          ]
        }
      ]
    }
  ]
}